{
    "Bitcoin": 26048.46,
    "Ethereum": 1663.61,
    "Binance Chain Native Token": 209.86,
    "XRP": 0.51667153,
    "Crypto.com Coin": 0.05206395,
    "Cardano": 0.26115835,
    "Dogecoin": 0.06284856,
    "Solana": 21.05,
    "Tron": 0.07488254,
    "Polkadot": 4.41,
    "Hedera Hashgraph": 0.06238879,
    "THETA": 0.6204896,
    "Polygon": 0.54662655,
    "Litecoin": 66.1,
    "SHIBA INU": 7.97e-06,
    "Ton": 1.34,
    "Wrapped Bitcoin": 26200.67,
    "IOTA": 0.14322835,
    "Bitcoin Cash": 185.49,
    "Avalanche": 10.26,
    "Stellar": 0.12301646,
    "ChainLink": 6.19,
    "Binance USD": 0.9996999,
    "Monero": 149.48,
    "Uniswap": 4.74,
    "Cosmos": 7.45,
    "Acala": 0.0715642,
    "Ethereum Classic": 15.63,
    "XDC Mainnet": 0.05408294,
    "KuCoin Token": 4.84
}